seq_num,sel_id,sel_seg,sel_sent,sel_st,sel_en,Ch pt,L1,L2
1,186802_FENm2lcy0NgdYIIB_0087,FENm2lcy0NgdYIIB,अधिक जानकारी के लिए कृपया हमें contact @spoken hyphen tutorial org पर लिखें,466,472,28849,H,E
2,205934_JCKcDjCRSqwhyciq_0124,JCKcDjCRSqwhyciq,अधिक जानकारी के लिए कृपया हमें contact @spoken hyphen tutorial org पर लिखें,821,828,33867,H,E
3,320706_m5VP8pQmzNMAxD8C_0124,m5VP8pQmzNMAxD8C,अधिक जानकारी के लिए कृपया हमें contact @spoken hyphen tutorial org पर लिखें,821,828,33165,H,E
4,370508_Pkfe2ljs0lLX5NN1_0082,Pkfe2ljs0lLX5NN1,अधिक जानकारी के लिए कृपया हमें contact @spoken hyphen tutorial org पर लिखें,456,462,43122,H,E
5,413057_aKSsdMqkPfUWyYeS_0066,aKSsdMqkPfUWyYeS,अधिक जानकारी के लिए कृपया हमें contact @spoken hyphen tutorial org पर लिखें,416,423,30916,H,E
7,634568_jCgweujQVV5haVF1_0087,jCgweujQVV5haVF1,अधिक जानकारी के लिए कृपया हमें contact @spoken hyphen tutorial org पर लिखें,442,448,33606,H,E
8,797767_TRInoJRJxAX3qv5C_0066,TRInoJRJxAX3qv5C,अधिक जानकारी के लिए कृपया हमें contact @spoken hyphen tutorial org पर लिखें,414,421,22766,H,E
9,876898_RyQSvr4r4iAMTYXq_0092,RyQSvr4r4iAMTYXq,अधिक जानकारी के लिए कृपया हमें contact @spoken hyphen tutorial org पर लिखें,539,545,29978,H,E
10,888061_PXm2Gdm6liIAnviw_0110,PXm2Gdm6liIAnviw,अधिक जानकारी के लिए कृपया हमें contact @spoken hyphen tutorial org पर लिखें,698,705,39067,H,E
11,156870_idPReRVLlCfGjTWX_0078,idPReRVLlCfGjTWX,अधिक जानकारी के लिए contact @spoken hyphen tutorial dot org पर लिखें,420,427,27262,H,E
12,208711_z98W1r9OPyYYWZsZ_0076,z98W1r9OPyYYWZsZ,अधिक जानकारी के लिए contact @spoken hyphen tutorial dot org पर लिखें,321,329,25536,H,E
13,244699_DlbETdT8118YRduH_0092,DlbETdT8118YRduH,अधिक जानकारी के लिए contact @spoken hyphen tutorial dot org पर लिखें,482,490,30033,H,E
14,345601_RIcCNm64Dhwz0BqN_0099,RIcCNm64Dhwz0BqN,अधिक जानकारी के लिए contact @spoken hyphen tutorial dot org पर लिखें,497,505,23887,H,E
15,480565_3mWOmwFFebHmIWPu_0051,3mWOmwFFebHmIWPu,अधिक जानकारी के लिए contact @spoken hyphen tutorial dot org पर लिखें,277,285,34671,H,E
16,570275_uT0nyuEjuQwXGN2U_0115,uT0nyuEjuQwXGN2U,अधिक जानकारी के लिए contact @spoken hyphen tutorial dot org पर लिखें,619,626,28192,H,E
17,591683_nm49QdiDDhSduN6T_0114,nm49QdiDDhSduN6T,अधिक जानकारी के लिए contact @spoken hyphen tutorial dot org पर लिखें,544,551,28192,H,E
18,658158_lm1lnQAWJU9qvDn0_0088,lm1lnQAWJU9qvDn0,अधिक जानकारी के लिए contact @spoken hyphen tutorial dot org पर लिखें,486,493,25281,H,E
19,727902_Znen7HF4LvsWgSXU_0121,Znen7HF4LvsWgSXU,अधिक जानकारी के लिए contact @spoken hyphen tutorial dot org पर लिखें,731,739,22413,H,E
20,769934_NRTQSjcEDfLhZ4Xy_0082,NRTQSjcEDfLhZ4Xy,अधिक जानकारी के लिए contact @spoken hyphen tutorial dot org पर लिखें,358,366,25040,H,E
21,980386_hqI45j8VjPC5M3g0_0060,hqI45j8VjPC5M3g0,अधिक जानकारी के लिए contact @spoken hyphen tutorial dot org पर लिखें,383,391,28367,H,E
22,113086_x2kPwHs0vMsKFX3o_0109,x2kPwHs0vMsKFX3o,spoken tutorial project nmeict mhrd भारत सरकार द्वारा वित्त पोषित है इस मिशन पर अधिक जानकारी दिखाए गए लिंक पर उपलब्ध है,709,721,60411,E,H
23,366844_COdA4bWe5rVSeMHt_0114,COdA4bWe5rVSeMHt,spoken tutorial project nmeict mhrd भारत सरकार द्वारा वित्त पोषित है इस मिशन पर अधिक जानकारी दिखाए गए लिंक पर उपलब्ध है,719,731,76433,E,H
24,402585_ujvHWeCKwWLKGK8g_0100,ujvHWeCKwWLKGK8g,spoken tutorial project nmeict mhrd भारत सरकार द्वारा वित्त पोषित है इस मिशन पर अधिक जानकारी दिखाए गए लिंक पर उपलब्ध है,585,597,70392,E,H
25,419175_h8yiyNkU2Sgr8gwD_0114,h8yiyNkU2Sgr8gwD,spoken tutorial project nmeict mhrd भारत सरकार द्वारा वित्त पोषित है इस मिशन पर अधिक जानकारी दिखाए गए लिंक पर उपलब्ध है,632,644,68028,E,H
26,472901_IlbClMiXv87cDDlB_0059,IlbClMiXv87cDDlB,spoken tutorial project nmeict mhrd भारत सरकार द्वारा वित्त पोषित है इस मिशन पर अधिक जानकारी दिखाए गए लिंक पर उपलब्ध है,428,440,63037,E,H
27,651913_eww4lwXvRyS2ByF5_0094,eww4lwXvRyS2ByF5,spoken tutorial project nmeict mhrd भारत सरकार द्वारा वित्त पोषित है इस मिशन पर अधिक जानकारी दिखाए गए लिंक पर उपलब्ध है,530,541,58266,E,H
28,665934_xLjklAB1HVdHfnJG_0103,xLjklAB1HVdHfnJG,spoken tutorial project nmeict mhrd भारत सरकार द्वारा वित्त पोषित है इस मिशन पर अधिक जानकारी दिखाए गए लिंक पर उपलब्ध है,707,719,56471,E,H
29,693909_KVjzph1lN8faWkTM_0088,KVjzph1lN8faWkTM,spoken tutorial project nmeict mhrd भारत सरकार द्वारा वित्त पोषित है इस मिशन पर अधिक जानकारी दिखाए गए लिंक पर उपलब्ध है,552,564,64351,E,H
30,847119_UYuWuH5EJEQtMQse_0114,UYuWuH5EJEQtMQse,spoken tutorial project nmeict mhrd भारत सरकार द्वारा वित्त पोषित है इस मिशन पर अधिक जानकारी दिखाए गए लिंक पर उपलब्ध है,839,850,59951,E,H
31,938272_PcVTlWq6JY6iFlT3_0075,PcVTlWq6JY6iFlT3,spoken tutorial project nmeict mhrd भारत सरकार द्वारा वित्त पोषित है इस मिशन पर अधिक जानकारी दिखाए गए लिंक पर उपलब्ध है,504,516,63037,E,H
32,987986_YKnaH2KpCSOvyNO2_0104,YKnaH2KpCSOvyNO2,spoken tutorial project nmeict mhrd भारत सरकार द्वारा वित्त पोषित है इस मिशन पर अधिक जानकारी दिखाए गए लिंक पर उपलब्ध है,713,725,59097,E,H
36,353395_6spWbJWQGvifLYMD_0092,6spWbJWQGvifLYMD,spoken tutorials का उपयोग करके कार्यशालाएँ भी चलाते हैं,452,455,14775,E,H
45,109686_HILoR2Or4G6QybRM_0068,HILoR2Or4G6QybRM,spoken tutorial project के बारे में अधिक जानने के लिए,436,439,21472,E,H
48,494039_OI5Q32YatBx45MDS_0071,OI5Q32YatBx45MDS,spoken tutorial project के बारे में अधिक जानने के लिए,550,553,15694,E,H
51,597487_iIgRmlEwK6duwlAt_0089,iIgRmlEwK6duwlAt,spoken tutorial project के बारे में अधिक जानने के लिए,573,576,16745,E,H
52,663512_ScaOkcrb6KnpjyUN_0095,ScaOkcrb6KnpjyUN,spoken tutorial project के बारे में अधिक जानने के लिए,653,656,21866,E,H
55,768596_BkTHUoyY4U6VCVvQ_0058,BkTHUoyY4U6VCVvQ,spoken tutorial project के बारे में अधिक जानने के लिए,412,415,17533,E,H
58,193949_kNy6anmVvg5h7xmA_0114,kNy6anmVvg5h7xmA,spoken tutorial project mhrd भारत सरकार द्वारा वित्त पोषित है,698,705,43667,E,H
60,349774_SRX8OfxyGfJKgki8_0164,SRX8OfxyGfJKgki8,spoken tutorial project mhrd भारत सरकार द्वारा वित्त पोषित है,993,1000,47191,E,H
61,350956_AdztwNlAtCku4h6b_0141,AdztwNlAtCku4h6b,spoken tutorial project mhrd भारत सरकार द्वारा वित्त पोषित है,811,816,41369,E,H
62,464941_FDv2zt12vIcud0pG_0153,FDv2zt12vIcud0pG,spoken tutorial project mhrd भारत सरकार द्वारा वित्त पोषित है,771,776,30206,E,H
63,518517_i7hdc0miWtsXu5vj_0146,i7hdc0miWtsXu5vj,spoken tutorial project mhrd भारत सरकार द्वारा वित्त पोषित है,864,871,38304,E,H
64,521943_vEBgBDkd2xef1Ap4_0127,vEBgBDkd2xef1Ap4,spoken tutorial project mhrd भारत सरकार द्वारा वित्त पोषित है,696,701,38742,E,H
65,592721_cRdDo8XAPDziTOrE_0092,cRdDo8XAPDziTOrE,spoken tutorial project mhrd भारत सरकार द्वारा वित्त पोषित है,614,621,40909,E,H
66,707255_aHraaFdw840Rvfqu_0108,aHraaFdw840Rvfqu,spoken tutorial project mhrd भारत सरकार द्वारा वित्त पोषित है,616,623,46731,E,H
67,729654_7FHd0e7O6m8Lh1h1_0114,7FHd0e7O6m8Lh1h1,spoken tutorial project mhrd भारत सरकार द्वारा वित्त पोषित है,739,745,41237,E,H
68,734095_XHnEDvDOVtev2YkW_0135,XHnEDvDOVtev2YkW,spoken tutorial project mhrd भारत सरकार द्वारा वित्त पोषित है,685,690,40712,E,H
69,793133_HMFm7Xu9SeBxybV1_0103,HMFm7Xu9SeBxybV1,spoken tutorial project mhrd भारत सरकार द्वारा वित्त पोषित है,673,680,41828,E,H
70,795525_9NULE1ETbQoEmopf_0111,9NULE1ETbQoEmopf,spoken tutorial project mhrd भारत सरकार द्वारा वित्त पोषित है,623,630,46578,E,H
71,801048_zHUHJIKP1DK8fyJB_0105,zHUHJIKP1DK8fyJB,spoken tutorial project mhrd भारत सरकार द्वारा वित्त पोषित है,656,663,39223,E,H
72,867552_90GpBPE1PDTAOjDA_0085,90GpBPE1PDTAOjDA,spoken tutorial project mhrd भारत सरकार द्वारा वित्त पोषित है,539,546,43054,E,H
73,164173_UciGI22ZXiZMUhaK_0104,UciGI22ZXiZMUhaK,अधिक जानकारी के लिए कृपया contact at spoken hyphen tutorial dot org पर लिखें,593,599,29549,H,E
74,205273_XL1bEWMZOi9F7GtK_0091,XL1bEWMZOi9F7GtK,अधिक जानकारी के लिए कृपया contact at spoken hyphen tutorial dot org पर लिखें,501,509,31344,H,E
75,275027_ar51KfOfGi7TtRGD_0111,ar51KfOfGi7TtRGD,अधिक जानकारी के लिए कृपया contact at spoken hyphen tutorial dot org पर लिखें,530,538,33445,H,E
76,317381_MGeQKyCbsxxOp3O8_0131,MGeQKyCbsxxOp3O8,अधिक जानकारी के लिए कृपया contact at spoken hyphen tutorial dot org पर लिखें,692,700,30643,H,E
77,343487_yFmxLx7vcG509WHj_0095,yFmxLx7vcG509WHj,अधिक जानकारी के लिए कृपया contact at spoken hyphen tutorial dot org पर लिखें,694,700,24821,H,E
78,419198_jWdZLA4Sz4to4BpB_0074,jWdZLA4Sz4to4BpB,अधिक जानकारी के लिए कृपया contact at spoken hyphen tutorial dot org पर लिखें,466,472,27185,H,E
79,476106_UTFKKSNANF1iy8iu_0087,UTFKKSNANF1iy8iu,अधिक जानकारी के लिए कृपया contact at spoken hyphen tutorial dot org पर लिखें,645,651,30862,H,E
80,515068_VJ0kCx5gIVhWjCHq_0053,VJ0kCx5gIVhWjCHq,अधिक जानकारी के लिए कृपया contact at spoken hyphen tutorial dot org पर लिखें,364,370,22588,H,E
81,577852_CbeP3DFQboq5EAYT_0135,CbeP3DFQboq5EAYT,अधिक जानकारी के लिए कृपया contact at spoken hyphen tutorial dot org पर लिखें,546,554,29067,H,E
82,582014_gaotn6Trlu6LbYhW_0122,gaotn6Trlu6LbYhW,अधिक जानकारी के लिए कृपया contact at spoken hyphen tutorial dot org पर लिखें,624,633,28367,H,E
83,598568_17eF1eYKevqtyi5z_0042,17eF1eYKevqtyi5z,अधिक जानकारी के लिए कृपया contact at spoken hyphen tutorial dot org पर लिखें,277,285,42375,H,E
84,617567_AYZV76tROJuFRrUf_0144,AYZV76tROJuFRrUf,अधिक जानकारी के लिए कृपया contact at spoken hyphen tutorial dot org पर लिखें,691,698,31256,H,E
85,673373_jBzyefOJ09gVzbDa_0108,jBzyefOJ09gVzbDa,अधिक जानकारी के लिए कृपया contact at spoken hyphen tutorial dot org पर लिखें,518,524,27842,H,E
86,779395_6C5ZvqNiL348s75a_0089,6C5ZvqNiL348s75a,अधिक जानकारी के लिए कृपया contact at spoken hyphen tutorial dot org पर लिखें,448,455,27388,H,E
87,854119_cnKUEOLuelcD03IG_0094,cnKUEOLuelcD03IG,अधिक जानकारी के लिए कृपया contact at spoken hyphen tutorial dot org पर लिखें,494,500,36448,H,E
88,178303_bxragcPFHMLMsmjr_0104,bxragcPFHMLMsmjr,spoken tutorial project team spoken tutorial का उपयोग करके कार्यशालाएँ भी चलाती है,543,548,26667,E,H
89,208711_z98W1r9OPyYYWZsZ_0074,z98W1r9OPyYYWZsZ,spoken tutorial project team spoken tutorial का उपयोग करके कार्यशालाएँ भी चलाती है,312,317,47264,E,H
91,277289_Z9cD5IbaDytwMt6R_0083,Z9cD5IbaDytwMt6R,spoken tutorial project team spoken tutorial का उपयोग करके कार्यशालाएँ भी चलाती है,500,504,28665,E,H
92,345601_RIcCNm64Dhwz0BqN_0097,RIcCNm64Dhwz0BqN,spoken tutorial project team spoken tutorial का उपयोग करके कार्यशालाएँ भी चलाती है,486,492,47568,E,H
93,370508_Pkfe2ljs0lLX5NN1_0080,Pkfe2ljs0lLX5NN1,spoken tutorial project team spoken tutorial का उपयोग करके कार्यशालाएँ भी चलाती है,446,453,47568,E,H
94,727902_Znen7HF4LvsWgSXU_0119,Znen7HF4LvsWgSXU,spoken tutorial project team spoken tutorial का उपयोग करके कार्यशालाएँ भी चलाती है,722,727,39022,E,H
95,805009_6gOLLVpZpUMVy2Xn_0078,6gOLLVpZpUMVy2Xn,spoken tutorial project team spoken tutorial का उपयोग करके कार्यशालाएँ भी चलाती है,448,454,35707,E,H
96,947382_3blY1NY0r4xkWi0p_0065,3blY1NY0r4xkWi0p,spoken tutorial project team spoken tutorial का उपयोग करके कार्यशालाएँ भी चलाती है,473,477,28912,E,H
97,177090_zJ2VQoWbIjxtlTN3_0123,zJ2VQoWbIjxtlTN3,spoken tutorial project team कार्यशालाएं आयोजित करती है और प्रमाण पत्र देती है,829,835,18409,E,H
98,320718_XvZ0rmmE67niOAPi_0107,XvZ0rmmE67niOAPi,spoken tutorial project team कार्यशालाएं आयोजित करती है और प्रमाण पत्र देती है,887,895,27346,E,H
99,355302_jiKuZjyPvKtFlv2F_0094,jiKuZjyPvKtFlv2F,spoken tutorial project team कार्यशालाएं आयोजित करती है और प्रमाण पत्र देती है,661,671,26564,E,H
100,407477_RrDSkEmNCnvQLvuB_0062,RrDSkEmNCnvQLvuB,spoken tutorial project team कार्यशालाएं आयोजित करती है और प्रमाण पत्र देती है,442,452,29859,E,H
101,539354_C3MtnFEDrRkWHSvJ_0083,C3MtnFEDrRkWHSvJ,spoken tutorial project team कार्यशालाएं आयोजित करती है और प्रमाण पत्र देती है,505,515,26770,E,H
102,541916_5DpOB0LmjVO8tse5_0104,5DpOB0LmjVO8tse5,spoken tutorial project team कार्यशालाएं आयोजित करती है और प्रमाण पत्र देती है,501,506,16886,E,H
103,670130_aKXtLNXvGCpPlxMn_0090,aKXtLNXvGCpPlxMn,spoken tutorial project team कार्यशालाएं आयोजित करती है और प्रमाण पत्र देती है,738,748,31918,E,H
104,812522_kyfc0UreJthzp1yh_0074,kyfc0UreJthzp1yh,spoken tutorial project team कार्यशालाएं आयोजित करती है और प्रमाण पत्र देती है,524,534,53746,E,H
105,996368_n4ACC4gnqW0IM1wW_0082,n4ACC4gnqW0IM1wW,spoken tutorial project team कार्यशालाएं आयोजित करती है और प्रमाण पत्र देती है,605,613,25534,E,H
106,209556_rGDjaZFn3U3Xmfbo_0154,rGDjaZFn3U3Xmfbo,spoken tutorial project team spoken tutorials का उपयोग करके कार्यशालाएँ भी चलाती है,896,901,39331,E,H
107,242003_YyYCTSgsEHug56qT_0132,YyYCTSgsEHug56qT,spoken tutorial project team spoken tutorials का उपयोग करके कार्यशालाएँ भी चलाती है,804,810,57082,E,H
108,468877_3k5rc97nE4nYilxg_0109,3k5rc97nE4nYilxg,spoken tutorial project team spoken tutorials का उपयोग करके कार्यशालाएँ भी चलाती है,581,586,43862,E,H
109,503577_Ym6wFcvsJRHzm4yq_0086,Ym6wFcvsJRHzm4yq,spoken tutorial project team spoken tutorials का उपयोग करके कार्यशालाएँ भी चलाती है,500,507,42523,E,H
110,707034_JIbdP0zW3oq0wsvK_0166,JIbdP0zW3oq0wsvK,spoken tutorial project team spoken tutorials का उपयोग करके कार्यशालाएँ भी चलाती है,899,905,41637,E,H
112,818249_hbTLEoZb2P42vZ0X_0102,hbTLEoZb2P42vZ0X,spoken tutorial project team spoken tutorials का उपयोग करके कार्यशालाएँ भी चलाती है,596,602,47692,E,H
113,972699_yWc9lDlV5mMRgPJz_0122,yWc9lDlV5mMRgPJz,spoken tutorial project team spoken tutorials का उपयोग करके कार्यशालाएँ भी चलाती है,582,589,45838,E,H
114,398187_InElTSDpFScWDnx4_0072,InElTSDpFScWDnx4,spoken tutorial project nmeict mhrd भारत सरकार द्वारा वित्त पोषित है,660,667,52181,E,H
115,515896_rybhHoKYhmLBvFIU_0054,rybhHoKYhmLBvFIU,spoken tutorial project nmeict mhrd भारत सरकार द्वारा वित्त पोषित है,592,599,41802,E,H
116,571913_ExkzwBoxU7CYOr2l_0105,ExkzwBoxU7CYOr2l,spoken tutorial project nmeict mhrd भारत सरकार द्वारा वित्त पोषित है,807,814,62847,E,H
117,682118_mb9MHVeHzYnGkDaV_0140,mb9MHVeHzYnGkDaV,spoken tutorial project nmeict mhrd भारत सरकार द्वारा वित्त पोषित है,690,696,50533,E,H
119,939326_Yk9pbdfXH2wEGgPa_0112,Yk9pbdfXH2wEGgPa,spoken tutorial project nmeict mhrd भारत सरकार द्वारा वित्त पोषित है,604,610,32618,E,H
120,993563_1r4kyTZ56cRwlgGT_0118,1r4kyTZ56cRwlgGT,spoken tutorial project nmeict mhrd भारत सरकार द्वारा वित्त पोषित है,737,743,59059,E,H
121,136325_9qNmHPrUpNLAykHf_0100,9qNmHPrUpNLAykHf,spoken tutorial project nmeict mhrd भारत सरकार द्वारा वित्तपोषित है,599,606,51460,E,H
122,271324_5H7YAVtlwZuAWxrP_0111,5H7YAVtlwZuAWxrP,spoken tutorial project nmeict mhrd भारत सरकार द्वारा वित्तपोषित है,653,662,48556,E,H
123,340898_fameybgWTwz4UBK7_0130,fameybgWTwz4UBK7,spoken tutorial project nmeict mhrd भारत सरकार द्वारा वित्तपोषित है,613,623,48597,E,H
124,344267_aZSahmWizlD17OIp_0055,aZSahmWizlD17OIp,spoken tutorial project nmeict mhrd भारत सरकार द्वारा वित्तपोषित है,269,275,42749,E,H
126,604593_DS1kTGZefiUqTTuU_0174,DS1kTGZefiUqTTuU,spoken tutorial project nmeict mhrd भारत सरकार द्वारा वित्तपोषित है,831,838,40580,E,H
128,116077_xDrH2GG7J8zvYJbX_0123,xDrH2GG7J8zvYJbX,spoken tutorial project team: spoken tutorials का उपयोग करके कार्यशालाएं चलाती है,530,534,37271,E,H
129,175138_TgzYUKW5Yk0qlxoJ_0137,TgzYUKW5Yk0qlxoJ,spoken tutorial project team: spoken tutorials का उपयोग करके कार्यशालाएं चलाती है,552,556,38957,E,H
130,485176_VxquLalRIRShu5BD_0155,VxquLalRIRShu5BD,spoken tutorial project team: spoken tutorials का उपयोग करके कार्यशालाएं चलाती है,906,910,37777,E,H
132,614575_m4dBwDpCilw26cUW_0067,m4dBwDpCilw26cUW,spoken tutorial project team: spoken tutorials का उपयोग करके कार्यशालाएं चलाती है,568,581,47273,E,H
133,791503_ZSC4giDQ5OdUm1Vr_0157,ZSC4giDQ5OdUm1Vr,spoken tutorial project team: spoken tutorials का उपयोग करके कार्यशालाएं चलाती है,672,677,47958,E,H
135,187699_rdv7dskMQfkxZG7s_0061,rdv7dskMQfkxZG7s,spoken tutorial project team spoken tutorial का उपयोग करके कार्यशालाएँ भी चलाते हैं,381,387,59321,E,H
136,413057_aKSsdMqkPfUWyYeS_0064,aKSsdMqkPfUWyYeS,spoken tutorial project team spoken tutorial का उपयोग करके कार्यशालाएँ भी चलाते हैं,407,412,53861,E,H
137,682098_mn8KjS5rb1MdPmyt_0077,mn8KjS5rb1MdPmyt,spoken tutorial project team spoken tutorial का उपयोग करके कार्यशालाएँ भी चलाते हैं,532,538,41107,E,H
138,797767_TRInoJRJxAX3qv5C_0064,TRInoJRJxAX3qv5C,spoken tutorial project team spoken tutorial का उपयोग करके कार्यशालाएँ भी चलाते हैं,405,410,43637,E,H
139,876898_RyQSvr4r4iAMTYXq_0090,RyQSvr4r4iAMTYXq,spoken tutorial project team spoken tutorial का उपयोग करके कार्यशालाएँ भी चलाते हैं,530,535,36891,E,H
141,991078_MFxL7Fh5U8s09yLC_0108,MFxL7Fh5U8s09yLC,spoken tutorial project team spoken tutorial का उपयोग करके कार्यशालाएँ भी चलाते हैं,646,652,48696,E,H
142,117174_psHCPTkdjFBXSwV1_0083,psHCPTkdjFBXSwV1,spoken tutorial project nmeict mhrd भारत सरकार द्वारा निधिबद्ध है,502,509,61682,E,H
143,356615_nxwMVpvFEMvwUlff_0106,nxwMVpvFEMvwUlff,spoken tutorial project nmeict mhrd भारत सरकार द्वारा निधिबद्ध है,642,648,47939,E,H
144,396164_ukezatX6TZqBsOjA_0152,ukezatX6TZqBsOjA,spoken tutorial project nmeict mhrd भारत सरकार द्वारा निधिबद्ध है,796,802,56464,E,H
145,539098_KMzwmY5Mi9f00Z4P_0131,KMzwmY5Mi9f00Z4P,spoken tutorial project nmeict mhrd भारत सरकार द्वारा निधिबद्ध है,672,678,46209,E,H
146,627241_zkHTeNsDXzBH2fZ8_0155,zkHTeNsDXzBH2fZ8,spoken tutorial project nmeict mhrd भारत सरकार द्वारा निधिबद्ध है,814,821,46559,E,H
147,937956_wSC8w1JHK2Kk1o2y_0144,wSC8w1JHK2Kk1o2y,spoken tutorial project nmeict mhrd भारत सरकार द्वारा निधिबद्ध है,764,771,45169,E,H
148,118960_4v26l1pFDQa5516K_0130,4v26l1pFDQa5516K,spoken tutorials का उपयोग करके कार्यशालाएं चलाती है,524,527,9548,E,H
149,137649_HhvBjZURdz7XIYk7_0090,HhvBjZURdz7XIYk7,spoken tutorials का उपयोग करके कार्यशालाएं चलाती है,588,591,14223,E,H
150,158925_pNGfrTvDDb647Ey1_0115,pNGfrTvDDb647Ey1,spoken tutorials का उपयोग करके कार्यशालाएं चलाती है,657,661,9218,E,H
151,165823_c8PZEsFmL6bKtJb7_0093,c8PZEsFmL6bKtJb7,spoken tutorials का उपयोग करके कार्यशालाएं चलाती है,522,525,13762,E,H
152,180696_GSUP9H9fbPzTvUJf_0113,GSUP9H9fbPzTvUJf,spoken tutorials का उपयोग करके कार्यशालाएं चलाती है,539,542,9613,E,H
153,223874_zsIypRjihgTGrcHR_0090,zsIypRjihgTGrcHR,spoken tutorials का उपयोग करके कार्यशालाएं चलाती है,487,490,14947,E,H
154,275027_ar51KfOfGi7TtRGD_0109,ar51KfOfGi7TtRGD,spoken tutorials का उपयोग करके कार्यशालाएं चलाती है,522,525,18568,E,H
155,286444_YiMohOANQrZ3zOrz_0108,YiMohOANQrZ3zOrz,spoken tutorials का उपयोग करके कार्यशालाएं चलाती है,452,455,11923,E,H
157,323270_VCSfxkLsWnQ7UVV5_0121,VCSfxkLsWnQ7UVV5,spoken tutorials का उपयोग करके कार्यशालाएं चलाती है,705,708,9205,E,H
158,349227_ODtJyqXnjew03ma0_0114,ODtJyqXnjew03ma0,spoken tutorials का उपयोग करके कार्यशालाएं चलाती है,422,425,17359,E,H
159,353135_cUAvXdre2bPJDSDI_0071,cUAvXdre2bPJDSDI,spoken tutorials का उपयोग करके कार्यशालाएं चलाती है,358,361,17668,E,H
160,366535_gkzCumUVQV2C6K24_0100,gkzCumUVQV2C6K24,spoken tutorials का उपयोग करके कार्यशालाएं चलाती है,458,461,17051,E,H
161,367739_tKFrZ549BuwTkVhh_0193,tKFrZ549BuwTkVhh,spoken tutorials का उपयोग करके कार्यशालाएं चलाती है,880,883,13900,E,H
163,394720_fymAL90cDPGqkbLm_0113,fymAL90cDPGqkbLm,spoken tutorials का उपयोग करके कार्यशालाएं चलाती है,586,589,16247,E,H
164,415128_riwQQ9Di2QY1QXwx_0138,riwQQ9Di2QY1QXwx,spoken tutorials का उपयोग करके कार्यशालाएं चलाती है,749,752,14950,E,H
166,432058_AXWa8Ixqg5APR0Aa_0138,AXWa8Ixqg5APR0Aa,spoken tutorials का उपयोग करके कार्यशालाएं चलाती है,570,573,10873,E,H
167,461782_77pTLvTELZ8nMgvA_0101,77pTLvTELZ8nMgvA,spoken tutorials का उपयोग करके कार्यशालाएं चलाती है,589,592,15877,E,H
168,491993_TIbfwCAMwCv4UC9o_0113,TIbfwCAMwCv4UC9o,spoken tutorials का उपयोग करके कार्यशालाएं चलाती है,611,615,15403,E,H
173,559236_Zhq1JsHVcjapPnAR_0144,Zhq1JsHVcjapPnAR,spoken tutorials का उपयोग करके कार्यशालाएं चलाती है,647,651,13920,E,H
175,576814_d4zRuOTz9FavqkHF_0129,d4zRuOTz9FavqkHF,spoken tutorials का उपयोग करके कार्यशालाएं चलाती है,671,675,12108,E,H
178,648590_eVGKFYqaM3Z8aA8p_0117,eVGKFYqaM3Z8aA8p,spoken tutorials का उपयोग करके कार्यशालाएं चलाती है,618,622,15485,E,H
180,662206_YD3YNMurzC1f00LK_0126,YD3YNMurzC1f00LK,spoken tutorials का उपयोग करके कार्यशालाएं चलाती है,566,569,13035,E,H
181,673373_jBzyefOJ09gVzbDa_0106,jBzyefOJ09gVzbDa,spoken tutorials का उपयोग करके कार्यशालाएं चलाती है,511,514,22363,E,H
184,731149_IxnVksWNnpdI5EQp_0091,IxnVksWNnpdI5EQp,spoken tutorials का उपयोग करके कार्यशालाएं चलाती है,486,489,10440,E,H
187,753781_NNWOZMOb5icMs6te_0075,NNWOZMOb5icMs6te,spoken tutorials का उपयोग करके कार्यशालाएं चलाती है,377,380,14147,E,H
194,954992_jXuIqtM7G1cgaCl2_0132,jXuIqtM7G1cgaCl2,spoken tutorials का उपयोग करके कार्यशालाएं चलाती है,565,568,13220,E,H
196,109686_HILoR2Or4G6QybRM_0074,HILoR2Or4G6QybRM,online test pass करने वालों को प्रमाणपत्र भी देते हैं,455,458,20139,E,H
197,126437_RYJ2gSQyCu0PM2cq_0090,RYJ2gSQyCu0PM2cq,online test pass करने वालों को प्रमाणपत्र भी देते हैं,547,551,16803,E,H
199,208711_z98W1r9OPyYYWZsZ_0075,z98W1r9OPyYYWZsZ,online test pass करने वालों को प्रमाणपत्र भी देते हैं,317,321,17298,E,H
200,209556_rGDjaZFn3U3Xmfbo_0155,rGDjaZFn3U3Xmfbo,online test pass करने वालों को प्रमाणपत्र भी देते हैं,901,904,13282,E,H
201,242003_YyYCTSgsEHug56qT_0133,YyYCTSgsEHug56qT,online test pass करने वालों को प्रमाणपत्र भी देते हैं,810,813,14641,E,H
202,244699_DlbETdT8118YRduH_0091,DlbETdT8118YRduH,online test pass करने वालों को प्रमाणपत्र भी देते हैं,478,482,27347,E,H
203,270891_D97fJxqasgTlJNxe_0074,D97fJxqasgTlJNxe,online test pass करने वालों को प्रमाणपत्र भी देते हैं,408,411,16618,E,H
204,278951_ZrRFAewtB9ghE37y_0098,ZrRFAewtB9ghE37y,online test pass करने वालों को प्रमाणपत्र भी देते हैं,446,451,16268,E,H
205,286444_YiMohOANQrZ3zOrz_0109,YiMohOANQrZ3zOrz,online test pass करने वालों को प्रमाणपत्र भी देते हैं,455,459,18698,E,H
206,345601_RIcCNm64Dhwz0BqN_0098,RIcCNm64Dhwz0BqN,online test pass करने वालों को प्रमाणपत्र भी देते हैं,492,497,18018,E,H
207,353135_cUAvXdre2bPJDSDI_0072,cUAvXdre2bPJDSDI,online test pass करने वालों को प्रमाणपत्र भी देते हैं,361,365,17792,E,H
208,382422_MDZjLudyd01NENmt_0091,MDZjLudyd01NENmt,online test pass करने वालों को प्रमाणपत्र भी देते हैं,441,445,20675,E,H
209,391623_8TohVIHvfNddtPnO_0054,8TohVIHvfNddtPnO,online test pass करने वालों को प्रमाणपत्र भी देते हैं,355,359,16392,E,H
210,394895_dmeJSjNLkwhqZy7G_0123,dmeJSjNLkwhqZy7G,online test pass करने वालों को प्रमाणपत्र भी देते हैं,573,577,17462,E,H
211,399287_1TuGgwSGEBVVydVA_0102,1TuGgwSGEBVVydVA,online test pass करने वालों को प्रमाणपत्र भी देते हैं,613,617,12273,E,H
212,463627_DKYx54d9iLlNEihy_0071,DKYx54d9iLlNEihy,online test pass करने वालों को प्रमाणपत्र भी देते हैं,488,492,12767,E,H
213,468877_3k5rc97nE4nYilxg_0110,3k5rc97nE4nYilxg,online test pass करने वालों को प्रमाणपत्र भी देते हैं,586,591,17503,E,H
214,477597_aZ1gv6YndIO0VKFC_0069,aZ1gv6YndIO0VKFC,online test pass करने वालों को प्रमाणपत्र भी देते हैं,283,287,14909,E,H
215,503577_Ym6wFcvsJRHzm4yq_0087,Ym6wFcvsJRHzm4yq,online test pass करने वालों को प्रमाणपत्र भी देते हैं,507,511,17050,E,H
217,544832_zEZQKAeXbD7Z4zgO_0097,zEZQKAeXbD7Z4zgO,online test pass करने वालों को प्रमाणपत्र भी देते हैं,412,416,19274,E,H
218,591683_nm49QdiDDhSduN6T_0113,nm49QdiDDhSduN6T,online test pass करने वालों को प्रमाणपत्र भी देते हैं,540,544,17298,E,H
220,636438_5gd6PmtCuX3p1uN1_0161,5gd6PmtCuX3p1uN1,online test pass करने वालों को प्रमाणपत्र भी देते हैं,649,654,16268,E,H
221,663512_ScaOkcrb6KnpjyUN_0101,ScaOkcrb6KnpjyUN,online test pass करने वालों को प्रमाणपत्र भी देते हैं,674,678,17380,E,H
222,707034_JIbdP0zW3oq0wsvK_0167,JIbdP0zW3oq0wsvK,online test pass करने वालों को प्रमाणपत्र भी देते हैं,905,909,16968,E,H
223,726277_yuX80C2e2gVwsY3z_0069,yuX80C2e2gVwsY3z,online test pass करने वालों को प्रमाणपत्र भी देते हैं,462,465,19213,E,H
224,740014_NkBCPRq4Uo2w1lxv_0183,NkBCPRq4Uo2w1lxv,online test pass करने वालों को प्रमाणपत्र भी देते हैं,882,886,14497,E,H
225,768596_BkTHUoyY4U6VCVvQ_0064,BkTHUoyY4U6VCVvQ,online test pass करने वालों को प्रमाणपत्र भी देते हैं,430,434,16968,E,H
226,769934_NRTQSjcEDfLhZ4Xy_0081,NRTQSjcEDfLhZ4Xy,online test pass करने वालों को प्रमाणपत्र भी देते हैं,353,358,13797,E,H
228,775679_vBBg11f5yXP9zD3Q_0119,vBBg11f5yXP9zD3Q,online test pass करने वालों को प्रमाणपत्र भी देते हैं,483,486,16433,E,H
229,802769_qq3G37y70OfxqojD_0105,qq3G37y70OfxqojD,online test pass करने वालों को प्रमाणपत्र भी देते हैं,686,690,19522,E,H
230,818249_hbTLEoZb2P42vZ0X_0103,hbTLEoZb2P42vZ0X,online test pass करने वालों को प्रमाणपत्र भी देते हैं,602,607,18636,E,H
231,901907_EeDiiREV9YbeRUTW_0142,EeDiiREV9YbeRUTW,online test pass करने वालों को प्रमाणपत्र भी देते हैं,660,664,16886,E,H
232,909194_ogytlX2hk54Lwlnp_0096,ogytlX2hk54Lwlnp,online test pass करने वालों को प्रमाणपत्र भी देते हैं,421,425,19274,E,H
233,924751_FTLWqwsiD9OHpmIC_0120,FTLWqwsiD9OHpmIC,online test pass करने वालों को प्रमाणपत्र भी देते हैं,413,417,16968,E,H
235,972699_yWc9lDlV5mMRgPJz_0123,yWc9lDlV5mMRgPJz,online test pass करने वालों को प्रमाणपत्र भी देते हैं,589,593,16392,E,H
236,127461_xZy1xnSqJ2lqsG98_0072,xZy1xnSqJ2lqsG98,spoken tutorials का उपयोग करके कार्यशालाएँ भी चलाती हैं,479,482,26317,E,H
237,171660_Nyg40ltVEe5vTTsS_0073,Nyg40ltVEe5vTTsS,spoken tutorials का उपयोग करके कार्यशालाएँ भी चलाती हैं,493,496,16803,E,H
238,382422_MDZjLudyd01NENmt_0090,MDZjLudyd01NENmt,spoken tutorials का उपयोग करके कार्यशालाएँ भी चलाती हैं,437,441,18698,E,H
240,399287_1TuGgwSGEBVVydVA_0097,1TuGgwSGEBVVydVA,spoken tutorial project के बारें में अधिक जानने के लिए,587,590,22302,E,H
241,947382_3blY1NY0r4xkWi0p_0062,3blY1NY0r4xkWi0p,spoken tutorial project के बारें में अधिक जानने के लिए,459,462,20757,E,H
242,499411_ILNdBJeyg2jV0WUe_0105,ILNdBJeyg2jV0WUe,spoken tutorial project team spoken tutorials का उपयोग करके कार्यशालाएँ चलाती है,462,467,39846,E,H
244,740014_NkBCPRq4Uo2w1lxv_0182,NkBCPRq4Uo2w1lxv,spoken tutorial project team spoken tutorials का उपयोग करके कार्यशालाएँ चलाती है,877,882,41699,E,H
245,102503_gspRPYL3gCI1FC36_0095,gspRPYL3gCI1FC36,spoken tutorials का उपयोग करके कार्यशालाएँ भी चलाती है,560,563,13838,E,H
246,106884_a6hhZwjYRtCP1fwP_0109,a6hhZwjYRtCP1fwP,spoken tutorials का उपयोग करके कार्यशालाएँ भी चलाती है,649,653,3542,E,H
247,109686_HILoR2Or4G6QybRM_0073,HILoR2Or4G6QybRM,spoken tutorials का उपयोग करके कार्यशालाएँ भी चलाती है,452,455,13282,E,H
248,126437_RYJ2gSQyCu0PM2cq_0089,RYJ2gSQyCu0PM2cq,spoken tutorials का उपयोग करके कार्यशालाएँ भी चलाती है,544,547,18348,E,H
250,250959_MU8ceb1yoeZFlrAJ_0093,MU8ceb1yoeZFlrAJ,spoken tutorials का उपयोग करके कार्यशालाएँ भी चलाती है,523,526,9390,E,H
251,270891_D97fJxqasgTlJNxe_0073,D97fJxqasgTlJNxe,spoken tutorials का उपयोग करके कार्यशालाएँ भी चलाती है,404,408,12850,E,H
252,278951_ZrRFAewtB9ghE37y_0097,ZrRFAewtB9ghE37y,spoken tutorials का उपयोग करके कार्यशालाएँ भी चलाती है,442,446,17545,E,H
254,295460_oEUoXD6Ygk5s7Drd_0081,oEUoXD6Ygk5s7Drd,spoken tutorials का उपयोग करके कार्यशालाएँ भी चलाती है,384,387,21807,E,H
256,398648_0ypaM0qtYiXXTroM_0104,0ypaM0qtYiXXTroM,spoken tutorials का उपयोग करके कार्यशालाएँ भी चलाती है,615,619,20922,E,H
257,399287_1TuGgwSGEBVVydVA_0101,1TuGgwSGEBVVydVA,spoken tutorials का उपयोग करके कार्यशालाएँ भी चलाती है,610,613,16000,E,H
259,477597_aZ1gv6YndIO0VKFC_0068,aZ1gv6YndIO0VKFC,spoken tutorials का उपयोग करके कार्यशालाएँ भी चलाती है,279,283,19110,E,H
260,483445_uwNP4AM07Smml2VZ_0105,uwNP4AM07Smml2VZ,spoken tutorials का उपयोग करके कार्यशालाएँ भी चलाती है,523,526,15753,E,H
261,522401_kkaxZg1KMtPqy20P_0063,kkaxZg1KMtPqy20P,spoken tutorials का उपयोग करके कार्यशालाएँ भी चलाती है,312,315,16803,E,H
264,541637_RkpRYL8GkIi0QqZH_0060,RkpRYL8GkIi0QqZH,spoken tutorials का उपयोग करके कार्यशालाएँ भी चलाती है,368,371,25576,E,H
266,591683_nm49QdiDDhSduN6T_0112,nm49QdiDDhSduN6T,spoken tutorials का उपयोग करके कार्यशालाएँ भी चलाती है,536,540,10790,E,H
268,636438_5gd6PmtCuX3p1uN1_0160,5gd6PmtCuX3p1uN1,spoken tutorials का उपयोग करके कार्यशालाएँ भी चलाती है,646,649,13035,E,H
269,663512_ScaOkcrb6KnpjyUN_0100,ScaOkcrb6KnpjyUN,spoken tutorials का उपयोग करके कार्यशालाएँ भी चलाती है,672,674,11697,E,H
272,719994_GOU0eAs9qqqeCRd5_0092,GOU0eAs9qqqeCRd5,spoken tutorials का उपयोग करके कार्यशालाएँ भी चलाती है,523,526,7166,E,H
273,726277_yuX80C2e2gVwsY3z_0068,yuX80C2e2gVwsY3z,spoken tutorials का उपयोग करके कार्यशालाएँ भी चलाती है,459,462,10008,E,H
274,768596_BkTHUoyY4U6VCVvQ_0063,BkTHUoyY4U6VCVvQ,spoken tutorials का उपयोग करके कार्यशालाएँ भी चलाती है,427,430,11058,E,H
275,775679_vBBg11f5yXP9zD3Q_0118,vBBg11f5yXP9zD3Q,spoken tutorials का उपयोग करके कार्यशालाएँ भी चलाती है,480,483,16742,E,H
276,802769_qq3G37y70OfxqojD_0104,qq3G37y70OfxqojD,spoken tutorials का उपयोग करके कार्यशालाएँ भी चलाती है,683,686,12479,E,H
277,843836_rgUk9oD9G1Unk4l8_0083,rgUk9oD9G1Unk4l8,spoken tutorials का उपयोग करके कार्यशालाएँ भी चलाती है,485,487,10255,E,H
279,909194_ogytlX2hk54Lwlnp_0095,ogytlX2hk54Lwlnp,spoken tutorials का उपयोग करके कार्यशालाएँ भी चलाती है,418,421,12788,E,H
281,955357_ojj2CCqGA5kWXWhs_0089,ojj2CCqGA5kWXWhs,spoken tutorials का उपयोग करके कार्यशालाएँ भी चलाती है,555,557,11985,E,H
282,100051_GigsEKRBMhvNwolC_0138,GigsEKRBMhvNwolC,अधिक जानकारी के लिए contact @spokentutorial org पर लिखें,662,669,25514,H,E
283,102503_gspRPYL3gCI1FC36_0097,gspRPYL3gCI1FC36,अधिक जानकारी के लिए contact @spokentutorial org पर लिखें,567,574,18306,H,E
284,126437_RYJ2gSQyCu0PM2cq_0091,RYJ2gSQyCu0PM2cq,अधिक जानकारी के लिए contact @spokentutorial org पर लिखें,551,558,20036,H,E
286,209556_rGDjaZFn3U3Xmfbo_0156,rGDjaZFn3U3Xmfbo,अधिक जानकारी के लिए contact @spokentutorial org पर लिखें,904,910,25081,H,E
287,242003_YyYCTSgsEHug56qT_0134,YyYCTSgsEHug56qT,अधिक जानकारी के लिए contact @spokentutorial org पर लिखें,813,821,20427,H,E
288,309541_PDBT9dyqaG5sI4aC_0071,PDBT9dyqaG5sI4aC,अधिक जानकारी के लिए contact @spokentutorial org पर लिखें,455,460,25946,H,E
289,353135_cUAvXdre2bPJDSDI_0073,cUAvXdre2bPJDSDI,अधिक जानकारी के लिए contact @spokentutorial org पर लिखें,365,371,26317,H,E
290,353395_6spWbJWQGvifLYMD_0094,6spWbJWQGvifLYMD,अधिक जानकारी के लिए contact @spokentutorial org पर लिखें,460,467,20180,H,E
291,382422_MDZjLudyd01NENmt_0092,MDZjLudyd01NENmt,अधिक जानकारी के लिए contact @spokentutorial org पर लिखें,445,452,22198,H,E
292,398648_0ypaM0qtYiXXTroM_0106,0ypaM0qtYiXXTroM,अधिक जानकारी के लिए contact @spokentutorial org पर लिखें,622,629,46703,H,E
293,399287_1TuGgwSGEBVVydVA_0103,1TuGgwSGEBVVydVA,अधिक जानकारी के लिए contact @spokentutorial org पर लिखें,617,625,18945,H,E
295,468877_3k5rc97nE4nYilxg_0111,3k5rc97nE4nYilxg,अधिक जानकारी के लिए contact @spokentutorial org पर लिखें,591,598,27388,H,E
296,477597_aZ1gv6YndIO0VKFC_0070,aZ1gv6YndIO0VKFC,अधिक जानकारी के लिए contact @spokentutorial org पर लिखें,287,293,25946,H,E
297,503577_Ym6wFcvsJRHzm4yq_0088,Ym6wFcvsJRHzm4yq,अधिक जानकारी के लिए contact @spokentutorial org पर लिखें,511,518,23352,H,E
298,535652_GvasaSRehGzpL5HK_0126,GvasaSRehGzpL5HK,अधिक जानकारी के लिए contact @spokentutorial org पर लिखें,702,709,25081,H,E
299,544832_zEZQKAeXbD7Z4zgO_0098,zEZQKAeXbD7Z4zgO,अधिक जानकारी के लिए contact @spokentutorial org पर लिखें,416,423,23352,H,E
303,663512_ScaOkcrb6KnpjyUN_0102,ScaOkcrb6KnpjyUN,अधिक जानकारी के लिए contact @spokentutorial org पर लिखें,678,684,32742,H,E
304,681725_38B2vDMNiIHGj1oX_0099,38B2vDMNiIHGj1oX,अधिक जानकारी के लिए contact @spokentutorial org पर लिखें,503,509,31259,H,E
305,690775_xmFEAmhKJ4rwfcHb_0088,xmFEAmhKJ4rwfcHb,अधिक जानकारी के लिए contact @spokentutorial org पर लिखें,616,622,54734,H,E
306,693176_M1xsRqst1xV2VNH9_0160,M1xsRqst1xV2VNH9,अधिक जानकारी के लिए contact @spokentutorial org पर लिखें,642,647,24917,H,E
307,702146_kECKM79B279xw7WU_0099,kECKM79B279xw7WU,अधिक जानकारी के लिए contact @spokentutorial org पर लिखें,528,534,13467,H,E
308,707034_JIbdP0zW3oq0wsvK_0168,JIbdP0zW3oq0wsvK,अधिक जानकारी के लिए contact @spokentutorial org पर लिखें,909,916,25802,H,E
309,740014_NkBCPRq4Uo2w1lxv_0184,NkBCPRq4Uo2w1lxv,अधिक जानकारी के लिए contact @spokentutorial org पर लिखें,886,892,24093,H,E
311,775679_vBBg11f5yXP9zD3Q_0120,vBBg11f5yXP9zD3Q,अधिक जानकारी के लिए contact @spokentutorial org पर लिखें,486,493,35892,H,E
312,790133_xEyqzF242pj6Bsfs_0095,xEyqzF242pj6Bsfs,अधिक जानकारी के लिए contact @spokentutorial org पर लिखें,462,468,23969,H,E
313,802769_qq3G37y70OfxqojD_0106,qq3G37y70OfxqojD,अधिक जानकारी के लिए contact @spokentutorial org पर लिखें,690,696,30271,H,E
314,818249_hbTLEoZb2P42vZ0X_0104,hbTLEoZb2P42vZ0X,अधिक जानकारी के लिए contact @spokentutorial org पर लिखें,607,614,30847,H,E
315,909194_ogytlX2hk54Lwlnp_0097,ogytlX2hk54Lwlnp,अधिक जानकारी के लिए contact @spokentutorial org पर लिखें,425,431,19769,H,E
316,924751_FTLWqwsiD9OHpmIC_0121,FTLWqwsiD9OHpmIC,अधिक जानकारी के लिए contact @spokentutorial org पर लिखें,417,423,24711,H,E
317,955357_ojj2CCqGA5kWXWhs_0091,ojj2CCqGA5kWXWhs,अधिक जानकारी के लिए contact @spokentutorial org पर लिखें,560,566,49298,H,E
318,972699_yWc9lDlV5mMRgPJz_0124,yWc9lDlV5mMRgPJz,अधिक जानकारी के लिए contact @spokentutorial org पर लिखें,593,602,30023,H,E
319,100356_CwvWvuD1g8RaNQ2j_0112,CwvWvuD1g8RaNQ2j,अधिक जानकारी के लिए कृपया contact @spokentutorial org को लिखें,490,497,25081,H,E
320,127461_xZy1xnSqJ2lqsG98_0074,xZy1xnSqJ2lqsG98,अधिक जानकारी के लिए कृपया contact @spokentutorial org को लिखें,485,492,45118,H,E
321,158925_pNGfrTvDDb647Ey1_0117,pNGfrTvDDb647Ey1,अधिक जानकारी के लिए कृपया contact @spokentutorial org को लिखें,666,673,29838,H,E
322,160573_JJQktkGf0kvJGib1_0084,JJQktkGf0kvJGib1,अधिक जानकारी के लिए कृपया contact @spokentutorial org को लिखें,307,314,28397,H,E
323,171660_Nyg40ltVEe5vTTsS_0075,Nyg40ltVEe5vTTsS,अधिक जानकारी के लिए कृपया contact @spokentutorial org को लिखें,499,506,47856,H,E
324,175138_TgzYUKW5Yk0qlxoJ_0139,TgzYUKW5Yk0qlxoJ,अधिक जानकारी के लिए कृपया contact @spokentutorial org को लिखें,560,567,24361,H,E
325,210672_0jdhCdy6wPFMjRXl_0142,0jdhCdy6wPFMjRXl,अधिक जानकारी के लिए कृपया contact @spokentutorial org को लिखें,580,586,24587,H,E
326,216105_zQexm3UmewpuF7BK_0153,zQexm3UmewpuF7BK,अधिक जानकारी के लिए कृपया contact @spokentutorial org को लिखें,616,621,30888,H,E
327,233807_CKu8BinkuLrWrnWJ_0067,CKu8BinkuLrWrnWJ,अधिक जानकारी के लिए कृपया contact @spokentutorial org को लिखें,273,280,29117,H,E
328,254595_FDBypaVFplHxtmil_0172,FDBypaVFplHxtmil,अधिक जानकारी के लिए कृपया contact @spokentutorial org को लिखें,690,696,47939,H,E
329,286444_YiMohOANQrZ3zOrz_0110,YiMohOANQrZ3zOrz,अधिक जानकारी के लिए कृपया contact @spokentutorial org को लिखें,459,466,25658,H,E
330,337436_XiYmCUqc46XEoZZs_0067,XiYmCUqc46XEoZZs,अधिक जानकारी के लिए कृपया contact @spokentutorial org को लिखें,353,361,30806,H,E
331,394895_dmeJSjNLkwhqZy7G_0124,dmeJSjNLkwhqZy7G,अधिक जानकारी के लिए कृपया contact @spokentutorial org को लिखें,577,585,27511,H,E
332,427411_KhAiTl7lM9O80EtA_0075,KhAiTl7lM9O80EtA,अधिक जानकारी के लिए कृपया contact @spokentutorial org को लिखें,370,376,35089,H,E
333,432058_AXWa8Ixqg5APR0Aa_0140,AXWa8Ixqg5APR0Aa,अधिक जानकारी के लिए कृपया contact @spokentutorial org को लिखें,576,584,27182,H,E
334,499411_ILNdBJeyg2jV0WUe_0107,ILNdBJeyg2jV0WUe,अधिक जानकारी के लिए कृपया contact @spokentutorial org को लिखें,471,477,30765,H,E
335,516832_870khxZ0S4ieq5wG_0117,870khxZ0S4ieq5wG,अधिक जानकारी के लिए कृपया contact @spokentutorial org को लिखें,548,555,24937,H,E
336,533956_I1aA3MN1pwNgy5Iu_0108,I1aA3MN1pwNgy5Iu,अधिक जानकारी के लिए कृपया contact @spokentutorial org को लिखें,513,520,10090,H,E
337,590304_uSw9hoKSdGCCKm98_0130,uSw9hoKSdGCCKm98,अधिक जानकारी के लिए कृपया contact @spokentutorial org को लिखें,499,505,29282,H,E
338,690231_N7Ntk3uMhYK5kYVY_0151,N7Ntk3uMhYK5kYVY,अधिक जानकारी के लिए कृपया contact @spokentutorial org को लिखें,669,675,22981,H,E
339,700300_hFeU2lo7RPdFGd9m_0158,hFeU2lo7RPdFGd9m,अधिक जानकारी के लिए कृपया contact @spokentutorial org को लिखें,681,688,26667,H,E
340,739673_anB6b5ibUqmoGqhS_0080,anB6b5ibUqmoGqhS,अधिक जानकारी के लिए कृपया contact @spokentutorial org को लिखें,314,321,24216,H,E
342,791503_ZSC4giDQ5OdUm1Vr_0159,ZSC4giDQ5OdUm1Vr,अधिक जानकारी के लिए कृपया contact @spokentutorial org को लिखें,680,687,26811,H,E
343,837603_iFfKg42IeXRfIcFc_0123,iFfKg42IeXRfIcFc,अधिक जानकारी के लिए कृपया contact @spokentutorial org को लिखें,516,524,27841,H,E
344,890036_KydV09sMMikkOPIM_0103,KydV09sMMikkOPIM,अधिक जानकारी के लिए कृपया contact @spokentutorial org को लिखें,456,462,21869,H,E
346,954992_jXuIqtM7G1cgaCl2_0134,jXuIqtM7G1cgaCl2,अधिक जानकारी के लिए कृपया contact @spokentutorial org को लिखें,572,578,23599,H,E
347,955636_ZoQYAX5CkYoiViTG_0143,ZoQYAX5CkYoiViTG,अधिक जानकारी के लिए कृपया contact @spokentutorial org को लिखें,571,577,31012,H,E
348,641561_yJfxh7Je3SRX2VIu_0127,yJfxh7Je3SRX2VIu,spoken tutorial project team कार्यशालाएँ आयोजित करती है और प्रमाणपत्र देती है,840,850,30065,E,H
349,726751_K7LVaBxOonLQerrX_0096,K7LVaBxOonLQerrX,spoken tutorial project team कार्यशालाएँ आयोजित करती है और प्रमाणपत्र देती है,606,611,35007,E,H
350,166257_RtAxi9ScmHHUqbCx_0097,RtAxi9ScmHHUqbCx,spoken tutorial project team कार्यशालाएं चलाती है और प्रमाणपत्र देती है अधिक जानकारी के लिए कृपया हमसे संपर्क करें,772,782,26770,E,H
351,642757_o0x6B9NB5hor9m5v_0086,o0x6B9NB5hor9m5v,spoken tutorial project team कार्यशालाएं चलाती है और प्रमाणपत्र देती है अधिक जानकारी के लिए कृपया हमसे संपर्क करें,599,611,29406,E,H
352,557816_Xpfa5sx8jDKaa87g_0072,Xpfa5sx8jDKaa87g,spoken tutorial project team कार्यशालाएं चलाती है और प्रमाणपत्र देती है अधिक जानकारी के लिए हमें लिखें,349,357,27841,E,H
353,801050_v7sjGlvGm7srTVwt_0132,v7sjGlvGm7srTVwt,spoken tutorial project team कार्यशालाएं चलाती है और प्रमाणपत्र देती है अधिक जानकारी के लिए हमें लिखें,726,733,26379,E,H
354,224033_rmoMJqlME9Sjob7d_0093,rmoMJqlME9Sjob7d,spoken tutorial project team: कार्यशालाएं आयोजित करती है और प्रमाण पत्र देती है,662,672,30065,E,H
355,686591_xqoJIvqGXoOePCTn_0115,xqoJIvqGXoOePCTn,spoken tutorial project team: कार्यशालाएं आयोजित करती है और प्रमाण पत्र देती है,705,716,30806,E,H
356,321235_onzRJdHwqliQzlYT_0142,onzRJdHwqliQzlYT,spoken tutorial project team कार्यशालाएं आयोजित करती है और प्रमाणपत्र देती है अधिक जानकारी के लिए हमें लिखें,725,734,29282,E,H
357,747425_DlOxA4M9tw5qya93_0139,DlOxA4M9tw5qya93,spoken tutorial project team कार्यशालाएं आयोजित करती है और प्रमाणपत्र देती है अधिक जानकारी के लिए हमें लिखें,732,740,28664,E,H
358,238121_Vwrx3NuWik2VD2MU_0087,Vwrx3NuWik2VD2MU,spoken tutorial project teamspoken tutorial का उपयोग करके कार्यशालाएँ भी चलाते हैं,704,708,34101,E,H
359,850754_wOTMMvC3WQ5YQRAF_0087,wOTMMvC3WQ5YQRAF,spoken tutorial project teamspoken tutorial का उपयोग करके कार्यशालाएँ भी चलाते हैं,704,710,43861,E,H
360,244699_DlbETdT8118YRduH_0090,DlbETdT8118YRduH,spoken tutorial project team spoken tutorial का उपयोग करके कार्यशालाएँ चलाती है,473,478,49627,E,H
361,769934_NRTQSjcEDfLhZ4Xy_0080,NRTQSjcEDfLhZ4Xy,spoken tutorial project team spoken tutorial का उपयोग करके कार्यशालाएँ चलाती है,347,353,42502,E,H
362,387960_KrD4Ss4m9kmChMTW_0103,KrD4Ss4m9kmChMTW,spoken tutorial project nmeict mhrd भारत सरकार द्वारा समर्थित है,641,648,56505,E,H
363,541916_5DpOB0LmjVO8tse5_0106,5DpOB0LmjVO8tse5,spoken tutorial project nmeict mhrd भारत सरकार द्वारा समर्थित है,510,516,34842,E,H
364,100356_CwvWvuD1g8RaNQ2j_0110,CwvWvuD1g8RaNQ2j,spoken tutorial project team spoken tutorials का उपयोग करके कार्यशालाएं चलाती है,481,486,39846,E,H
365,129615_dH6vHtaeVfk7SWq7_0050,dH6vHtaeVfk7SWq7,spoken tutorial project team spoken tutorials का उपयोग करके कार्यशालाएं चलाती है,258,265,45694,E,H
366,160573_JJQktkGf0kvJGib1_0082,JJQktkGf0kvJGib1,spoken tutorial project team spoken tutorials का उपयोग करके कार्यशालाएं चलाती है,298,303,39331,E,H
367,164173_UciGI22ZXiZMUhaK_0102,UciGI22ZXiZMUhaK,spoken tutorial project team spoken tutorials का उपयोग करके कार्यशालाएं चलाती है,584,589,43141,E,H
368,177570_jSNK2zDaIvyZsMZp_0130,jSNK2zDaIvyZsMZp,spoken tutorial project team spoken tutorials का उपयोग करके कार्यशालाएं चलाती है,591,596,44376,E,H
369,185567_AeSTWKvztl3dzYKT_0115,AeSTWKvztl3dzYKT,spoken tutorial project team spoken tutorials का उपयोग करके कार्यशालाएं चलाती है,636,641,41185,E,H
370,210672_0jdhCdy6wPFMjRXl_0140,0jdhCdy6wPFMjRXl,spoken tutorial project team spoken tutorials का उपयोग करके कार्यशालाएं चलाती है,572,576,42173,E,H
371,227530_shYAS4ZeCvxPZIno_0032,shYAS4ZeCvxPZIno,spoken tutorial project team spoken tutorials का उपयोग करके कार्यशालाएं चलाती है,142,147,44170,E,H
372,233807_CKu8BinkuLrWrnWJ_0065,CKu8BinkuLrWrnWJ,spoken tutorial project team spoken tutorials का उपयोग करके कार्यशालाएं चलाती है,264,270,44726,E,H
373,246662_fLxNwT4sz4MQwqGE_0105,fLxNwT4sz4MQwqGE,spoken tutorial project team spoken tutorials का उपयोग करके कार्यशालाएं चलाती है,510,516,46085,E,H
374,284288_daPSsQhWrJlpKcwl_0075,daPSsQhWrJlpKcwl,spoken tutorial project team spoken tutorials का उपयोग करके कार्यशालाएं चलाती है,467,473,40402,E,H
375,309541_PDBT9dyqaG5sI4aC_0069,PDBT9dyqaG5sI4aC,spoken tutorial project team spoken tutorials का उपयोग करके कार्यशालाएं चलाती है,446,451,41288,E,H
376,337436_XiYmCUqc46XEoZZs_0065,XiYmCUqc46XEoZZs,spoken tutorial project team spoken tutorials का उपयोग करके कार्यशालाएं चलाती है,344,349,43656,E,H
377,343487_yFmxLx7vcG509WHj_0093,yFmxLx7vcG509WHj,spoken tutorial project team spoken tutorials का उपयोग करके कार्यशालाएं चलाती है,687,691,41267,E,H
378,394895_dmeJSjNLkwhqZy7G_0122,dmeJSjNLkwhqZy7G,spoken tutorial project team spoken tutorials का उपयोग करके कार्यशालाएं चलाती है,569,573,41926,E,H
379,407122_2mQ1aPEa4vEL5eIa_0083,2mQ1aPEa4vEL5eIa,spoken tutorial project team spoken tutorials का उपयोग करके कार्यशालाएं चलाती है,457,462,39743,E,H
380,425706_jDgNVBL5cQvZ9Iui_0043,jDgNVBL5cQvZ9Iui,spoken tutorial project team spoken tutorials का उपयोग करके कार्यशालाएं चलाती है,209,215,56835,E,H
381,427411_KhAiTl7lM9O80EtA_0073,KhAiTl7lM9O80EtA,spoken tutorial project team spoken tutorials का उपयोग करके कार्यशालाएं चलाती है,363,367,37478,E,H
382,463906_94d7bjaqcFYpZPil_0069,94d7bjaqcFYpZPil,spoken tutorial project team spoken tutorials का उपयोग करके कार्यशालाएं चलाती है,337,344,43244,E,H
383,480923_Tj2vGqbIkHwHf1MH_0050,Tj2vGqbIkHwHf1MH,spoken tutorial project team spoken tutorials का उपयोग करके कार्यशालाएं चलाती है,209,213,41761,E,H
384,491848_MFKr532aUV2n2HXN_0088,MFKr532aUV2n2HXN,spoken tutorial project team spoken tutorials का उपयोग करके कार्यशालाएं चलाती है,479,485,42749,E,H
385,552137_ty9xNCwwY1iC1zfy_0059,ty9xNCwwY1iC1zfy,spoken tutorial project team spoken tutorials का उपयोग करके कार्यशालाएं चलाती है,225,229,41844,E,H
386,556303_vtbDrHmpE5I8GWsf_0071,vtbDrHmpE5I8GWsf,spoken tutorial project team spoken tutorials का उपयोग करके कार्यशालाएं चलाती है,282,288,40278,E,H
387,716782_PPmuL09YuacKN5Jo_0110,PPmuL09YuacKN5Jo,spoken tutorial project team spoken tutorials का उपयोग करके कार्यशालाएं चलाती है,376,381,38405,E,H
388,887038_I17pYVLYS9xXOdkD_0083,I17pYVLYS9xXOdkD,spoken tutorial project team spoken tutorials का उपयोग करके कार्यशालाएं चलाती है,465,468,35893,E,H
389,890036_KydV09sMMikkOPIM_0101,KydV09sMMikkOPIM,spoken tutorial project team spoken tutorials का उपयोग करके कार्यशालाएं चलाती है,448,453,34801,E,H
390,927363_T5IdpDlSH77qWDK3_0075,T5IdpDlSH77qWDK3,spoken tutorial project team spoken tutorials का उपयोग करके कार्यशालाएं चलाती है,466,472,42502,E,H
391,966975_nQhS8mTgT4WxgVha_0088,nQhS8mTgT4WxgVha,spoken tutorial project team spoken tutorials का उपयोग करके कार्यशालाएं चलाती है,479,484,42832,E,H
